,w0_home,w1_away,w2_draw
0,1.7857142857142856,1.816326530612245,1.816326530612245
